/** 멤버십 서비스에 필요한 기초 데이터 스크립트 **/


/* 1. 회원 정보 */
INSERT INTO TB_ACNT (ACNT_ID, ACNT_NM, STATUS, BIRTH, HPHONE, EMAIL, ACNT_GRD, INSERT_DATE, INSERT_USER)
    VALUES (1, '관리자1', '1', '19880101', '01047269178', 'admin1@naver.com', 'ADMIN', NOW(), 1);
INSERT INTO TB_ACNT (ACNT_ID, ACNT_NM, STATUS, BIRTH, HPHONE, EMAIL, ACNT_GRD, INSERT_DATE, INSERT_USER)
    VALUES (2, '판매자1', '1', '19771222', '01022223333', 'seller1@naver.com', 'SELLER', NOW(), 1);
INSERT INTO TB_ACNT (ACNT_ID, ACNT_NM, STATUS, BIRTH, HPHONE, EMAIL, ACNT_GRD, INSERT_DATE, INSERT_USER)
    VALUES (3, '사용자1', '9', '19900702', '01033334444', 'user1@naver.com', 'USER', NOW(), 1);
INSERT INTO TB_ACNT (ACNT_ID, ACNT_NM, STATUS, BIRTH, HPHONE, EMAIL, ACNT_GRD, INSERT_DATE, INSERT_USER)
    VALUES (4, '사용자2', '9', '20010314', '01044445555', 'user2@naver.com', 'USER', NOW(), 1);
INSERT INTO TB_ACNT (ACNT_ID, ACNT_NM, STATUS, BIRTH, HPHONE, EMAIL, ACNT_GRD, INSERT_DATE, INSERT_USER)
    VALUES (5, '사용자3', '1', '19990516', '01055556666', 'user3@naver.com', 'USER', NOW(), 1);

/* 2. 멤버십 정보 */
INSERT INTO TB_MBSP (MBSP_ID, MBSP_NM, STATUS, MBSP_INFO, MBSP_IMG_URL, HOMEPAGE_URL, ACTIVE_MONTHS, BIGO, INSERT_DATE, INSERT_USER)
    VALUES('M230227000001', '올리브영 멤버십', '1', '일반회원 - 5% 할인', 'http://franc.img.com/img/olive_msp.jpg', 'https://oliveyoung.co.kr', 2, '', NOW(), 1);
INSERT INTO TB_MBSP (MBSP_ID, MBSP_NM, STATUS, MBSP_INFO, MBSP_IMG_URL, HOMEPAGE_URL, ACTIVE_MONTHS, BIGO, INSERT_DATE, INSERT_USER)
    VALUES('M230227000002', 'CU 멤버십', '1', '일반회원 - 결제금액의 10% 적립', 'http://franc.img.com/img/cu_msp.jpg', 'https://cu.bgretail.com', 2, '', NOW(), 1);

/* 3. 멤버십 등급 */
INSERT INTO TB_MBSP_GRD (MBSP_ID, MBSP_GRD_CD, GRD_UP_POINT_FR, GRD_UP_POINT_TO, ACCUM_RAT, DISC_RAT, INSERT_DATE, INSERT_USER)
    VALUES('M230227000001', 'COMMON', 0, 999, 3, 5, NOW(), 1);
INSERT INTO TB_MBSP_GRD (MBSP_ID, MBSP_GRD_CD, GRD_UP_POINT_FR, GRD_UP_POINT_TO, ACCUM_RAT, DISC_RAT, INSERT_DATE, INSERT_USER)
    VALUES('M230227000001', 'BRONZE', 1000, 2999, 4, 6, NOW(), 1);
INSERT INTO TB_MBSP_GRD (MBSP_ID, MBSP_GRD_CD, GRD_UP_POINT_FR, GRD_UP_POINT_TO, ACCUM_RAT, DISC_RAT, INSERT_DATE, INSERT_USER)
    VALUES('M230227000001', 'SILVER', 3000, 9999, 5, 7, NOW(), 1);
INSERT INTO TB_MBSP_GRD (MBSP_ID, MBSP_GRD_CD, GRD_UP_POINT_FR, GRD_UP_POINT_TO, ACCUM_RAT, DISC_RAT, INSERT_DATE, INSERT_USER)
    VALUES('M230227000001', 'GOLD', 10000, 99999, 7, 10, NOW(), 1);
INSERT INTO TB_MBSP_GRD (MBSP_ID, MBSP_GRD_CD, GRD_UP_POINT_FR, GRD_UP_POINT_TO, ACCUM_RAT, DISC_RAT, INSERT_DATE, INSERT_USER)
    VALUES('M230227000001', 'VIP', 100000, 99999999, 10, 15, NOW(), 1);
INSERT INTO TB_MBSP_GRD (MBSP_ID, MBSP_GRD_CD, GRD_UP_POINT_FR, GRD_UP_POINT_TO, ACCUM_RAT, DISC_RAT, INSERT_DATE, INSERT_USER)
    VALUES('M230227000002', 'COMMON', 0, 9999, 10, 3, NOW(), 1);
INSERT INTO TB_MBSP_GRD (MBSP_ID, MBSP_GRD_CD, GRD_UP_POINT_FR, GRD_UP_POINT_TO, ACCUM_RAT, DISC_RAT, INSERT_DATE, INSERT_USER)
    VALUES('M230227000002', 'BRONZE', 10000, 29999, 12, 4, NOW(), 1);
INSERT INTO TB_MBSP_GRD (MBSP_ID, MBSP_GRD_CD, GRD_UP_POINT_FR, GRD_UP_POINT_TO, ACCUM_RAT, DISC_RAT, INSERT_DATE, INSERT_USER)
    VALUES('M230227000002', 'SILVER', 30000, 99999, 13, 5, NOW(), 1);
INSERT INTO TB_MBSP_GRD (MBSP_ID, MBSP_GRD_CD, GRD_UP_POINT_FR, GRD_UP_POINT_TO, ACCUM_RAT, DISC_RAT, INSERT_DATE, INSERT_USER)
    VALUES('M230227000002', 'GOLD', 100000, 999999, 14, 8, NOW(), 1);
INSERT INTO TB_MBSP_GRD (MBSP_ID, MBSP_GRD_CD, GRD_UP_POINT_FR, GRD_UP_POINT_TO, ACCUM_RAT, DISC_RAT, INSERT_DATE, INSERT_USER)
    VALUES('M230227000002', 'VIP', 1000000, 999999999, 15, 10, NOW(), 1);


/* 4. 멤버십 가맹점 */
INSERT INTO TB_MBSP_FRCH (MBSP_ID, FRCH_ID, FRCH_NM, INSERT_DATE, INSERT_USER, ZIP_CD, ADDR1, ADDR2, TEL_NO)
    VALUES('M230227000001', 'F230228000001', '올리브영 명동점', NOW(), 1, '12345', '서울특별시 중구 명동 1길', '133-2', '0259990000');
INSERT INTO TB_MBSP_FRCH (MBSP_ID, FRCH_ID, FRCH_NM, INSERT_DATE, INSERT_USER, ZIP_CD, ADDR1, ADDR2, TEL_NO)
    VALUES('M230227000001', 'F230228000002', '올리브영 서울역점', NOW(), 1, '14556', '서울특별시 중구', '1-1', '0259893927');
INSERT INTO TB_MBSP_FRCH (MBSP_ID, FRCH_ID, FRCH_NM, INSERT_DATE, INSERT_USER, ZIP_CD, ADDR1, ADDR2, TEL_NO)
    VALUES('M230227000001', 'F230228000003', '올리브영 강남역점', NOW(), 1, '16746', '서울특별시 강남구', '33-1', '0259382039');
INSERT INTO TB_MBSP_FRCH (MBSP_ID, FRCH_ID, FRCH_NM, INSERT_DATE, INSERT_USER, ZIP_CD, ADDR1, ADDR2, TEL_NO)
    VALUES('M230227000002', 'F230228000004', 'CU 서울역점', NOW(), 1, '14558', '서울특별시 중구', '134-1', '0239281827');
INSERT INTO TB_MBSP_FRCH (MBSP_ID, FRCH_ID, FRCH_NM, INSERT_DATE, INSERT_USER, ZIP_CD, ADDR1, ADDR2, TEL_NO)
    VALUES('M230227000002', 'F230228000005', 'CU 강남역점', NOW(), 1, '12345', '서울특별시 강남구', '34-5', '0229375069');
